ORD_NO,SKU_CD,NUM_PCS,LOC,CART_NO,SEQ
ORD_0001,SKU_0267,1,,,
ORD_0001,SKU_0246,1,,,
ORD_0002,SKU_0156,1,,,
ORD_0002,SKU_0063,1,,,
ORD_0002,SKU_0123,1,,,
ORD_0002,SKU_0005,1,,,
ORD_0002,SKU_0047,1,,,
ORD_0003,SKU_0057,1,,,
ORD_0003,SKU_0272,1,,,
ORD_0004,SKU_0144,1,,,
ORD_0004,SKU_0097,1,,,
ORD_0004,SKU_0180,1,,,
ORD_0004,SKU_0037,1,,,
ORD_0005,SKU_0183,1,,,
ORD_0005,SKU_0175,1,,,
ORD_0005,SKU_0151,1,,,
ORD_0005,SKU_0315,1,,,
ORD_0006,SKU_0023,1,,,
ORD_0007,SKU_0211,1,,,
ORD_0007,SKU_0319,1,,,
ORD_0008,SKU_0127,1,,,
ORD_0008,SKU_0208,1,,,
ORD_0008,SKU_0286,1,,,
ORD_0008,SKU_0237,1,,,
ORD_0008,SKU_0228,1,,,
ORD_0009,SKU_0268,1,,,
ORD_0010,SKU_0259,1,,,
ORD_0010,SKU_0100,1,,,
ORD_0010,SKU_0286,1,,,
ORD_0011,SKU_0317,1,,,
ORD_0011,SKU_0305,1,,,
ORD_0012,SKU_0076,1,,,
ORD_0012,SKU_0007,1,,,
ORD_0012,SKU_0148,1,,,
ORD_0013,SKU_0143,1,,,
ORD_0014,SKU_0274,1,,,
ORD_0014,SKU_0235,1,,,
ORD_0015,SKU_0048,1,,,
ORD_0015,SKU_0066,1,,,
ORD_0015,SKU_0112,1,,,
ORD_0015,SKU_0326,1,,,
ORD_0015,SKU_0296,1,,,
ORD_0016,SKU_0068,1,,,
ORD_0016,SKU_0244,1,,,
ORD_0016,SKU_0068,1,,,
ORD_0017,SKU_0112,1,,,
ORD_0018,SKU_0307,1,,,
ORD_0018,SKU_0202,1,,,
ORD_0018,SKU_0221,1,,,
ORD_0019,SKU_0315,1,,,
ORD_0019,SKU_0053,1,,,
ORD_0019,SKU_0309,1,,,
ORD_0020,SKU_0029,1,,,
ORD_0020,SKU_0158,1,,,
ORD_0020,SKU_0204,1,,,
ORD_0020,SKU_0294,1,,,
ORD_0021,SKU_0030,1,,,
ORD_0022,SKU_0256,1,,,
ORD_0023,SKU_0277,1,,,
ORD_0023,SKU_0277,1,,,
ORD_0023,SKU_0297,1,,,
ORD_0023,SKU_0038,1,,,
ORD_0023,SKU_0185,1,,,
ORD_0024,SKU_0285,1,,,
ORD_0025,SKU_0226,1,,,
ORD_0025,SKU_0291,1,,,
ORD_0025,SKU_0308,1,,,
ORD_0025,SKU_0029,1,,,
ORD_0025,SKU_0138,1,,,
ORD_0026,SKU_0121,1,,,
ORD_0026,SKU_0134,1,,,
ORD_0026,SKU_0266,1,,,
ORD_0026,SKU_0040,1,,,
ORD_0026,SKU_0291,1,,,
ORD_0027,SKU_0100,1,,,
ORD_0028,SKU_0031,1,,,
ORD_0028,SKU_0074,1,,,
ORD_0029,SKU_0232,1,,,
ORD_0029,SKU_0203,1,,,
ORD_0030,SKU_0203,1,,,
ORD_0030,SKU_0191,1,,,
ORD_0030,SKU_0243,1,,,
ORD_0030,SKU_0205,1,,,
ORD_0030,SKU_0242,1,,,
ORD_0031,SKU_0301,1,,,
ORD_0031,SKU_0016,1,,,
ORD_0032,SKU_0218,1,,,
ORD_0032,SKU_0278,1,,,
ORD_0032,SKU_0108,1,,,
ORD_0032,SKU_0302,1,,,
ORD_0032,SKU_0138,1,,,
ORD_0033,SKU_0010,1,,,
ORD_0033,SKU_0193,1,,,
ORD_0033,SKU_0060,1,,,
ORD_0034,SKU_0092,1,,,
ORD_0034,SKU_0115,1,,,
ORD_0034,SKU_0239,1,,,
ORD_0035,SKU_0235,1,,,
ORD_0035,SKU_0325,1,,,
ORD_0036,SKU_0291,1,,,
ORD_0036,SKU_0114,1,,,
ORD_0036,SKU_0260,1,,,
ORD_0036,SKU_0053,1,,,
ORD_0037,SKU_0025,1,,,
ORD_0038,SKU_0017,1,,,
ORD_0039,SKU_0131,1,,,
ORD_0039,SKU_0302,1,,,
ORD_0039,SKU_0151,1,,,
ORD_0039,SKU_0127,1,,,
ORD_0039,SKU_0251,1,,,
ORD_0040,SKU_0234,1,,,
ORD_0040,SKU_0050,1,,,
ORD_0040,SKU_0200,1,,,
ORD_0041,SKU_0213,1,,,
ORD_0041,SKU_0032,1,,,
ORD_0041,SKU_0101,1,,,
ORD_0042,SKU_0288,1,,,
ORD_0042,SKU_0089,1,,,
ORD_0043,SKU_0172,1,,,
ORD_0043,SKU_0012,1,,,
ORD_0043,SKU_0093,1,,,
ORD_0043,SKU_0100,1,,,
ORD_0043,SKU_0213,1,,,
ORD_0044,SKU_0142,1,,,
ORD_0044,SKU_0208,1,,,
ORD_0045,SKU_0173,1,,,
ORD_0045,SKU_0089,1,,,
ORD_0045,SKU_0277,1,,,
ORD_0046,SKU_0303,1,,,
ORD_0046,SKU_0016,1,,,
ORD_0046,SKU_0293,1,,,
ORD_0046,SKU_0018,1,,,
ORD_0046,SKU_0251,1,,,
ORD_0047,SKU_0180,1,,,
ORD_0048,SKU_0130,1,,,
ORD_0048,SKU_0233,1,,,
ORD_0049,SKU_0251,1,,,
ORD_0049,SKU_0265,1,,,
ORD_0049,SKU_0035,1,,,
ORD_0050,SKU_0200,1,,,
ORD_0050,SKU_0285,1,,,
ORD_0050,SKU_0054,1,,,
ORD_0051,SKU_0091,1,,,
ORD_0051,SKU_0036,1,,,
ORD_0051,SKU_0070,1,,,
ORD_0051,SKU_0292,1,,,
ORD_0052,SKU_0309,1,,,
ORD_0052,SKU_0062,1,,,
ORD_0052,SKU_0045,1,,,
ORD_0052,SKU_0039,1,,,
ORD_0052,SKU_0252,1,,,
ORD_0053,SKU_0170,1,,,
ORD_0053,SKU_0153,1,,,
ORD_0053,SKU_0242,1,,,
ORD_0053,SKU_0200,1,,,
ORD_0054,SKU_0281,1,,,
ORD_0054,SKU_0335,1,,,
ORD_0054,SKU_0254,1,,,
ORD_0055,SKU_0008,1,,,
ORD_0055,SKU_0255,1,,,
ORD_0055,SKU_0170,1,,,
ORD_0056,SKU_0058,1,,,
ORD_0056,SKU_0274,1,,,
ORD_0056,SKU_0190,1,,,
ORD_0056,SKU_0159,1,,,
ORD_0057,SKU_0038,1,,,
ORD_0057,SKU_0158,1,,,
ORD_0057,SKU_0115,1,,,
ORD_0057,SKU_0177,1,,,
ORD_0058,SKU_0179,1,,,
ORD_0058,SKU_0201,1,,,
ORD_0059,SKU_0165,1,,,
ORD_0059,SKU_0084,1,,,
ORD_0059,SKU_0034,1,,,
ORD_0059,SKU_0137,1,,,
ORD_0059,SKU_0157,1,,,
ORD_0060,SKU_0306,1,,,
ORD_0061,SKU_0039,1,,,
ORD_0062,SKU_0063,1,,,
ORD_0062,SKU_0304,1,,,
ORD_0063,SKU_0101,1,,,
ORD_0063,SKU_0217,1,,,
ORD_0063,SKU_0073,1,,,
ORD_0063,SKU_0288,1,,,
ORD_0063,SKU_0273,1,,,
ORD_0064,SKU_0231,1,,,
ORD_0065,SKU_0249,1,,,
ORD_0065,SKU_0124,1,,,
ORD_0066,SKU_0252,1,,,
ORD_0066,SKU_0179,1,,,
ORD_0067,SKU_0212,1,,,
ORD_0067,SKU_0329,1,,,
ORD_0068,SKU_0195,1,,,
ORD_0068,SKU_0203,1,,,
ORD_0069,SKU_0187,1,,,
ORD_0069,SKU_0281,1,,,
ORD_0070,SKU_0106,1,,,
ORD_0070,SKU_0200,1,,,
ORD_0070,SKU_0043,1,,,
ORD_0070,SKU_0232,1,,,
ORD_0070,SKU_0143,1,,,
ORD_0071,SKU_0137,1,,,
ORD_0071,SKU_0171,1,,,
ORD_0071,SKU_0283,1,,,
ORD_0071,SKU_0136,1,,,
ORD_0072,SKU_0011,1,,,
ORD_0072,SKU_0040,1,,,
ORD_0073,SKU_0271,1,,,
ORD_0073,SKU_0099,1,,,
ORD_0073,SKU_0122,1,,,
ORD_0074,SKU_0084,1,,,
ORD_0074,SKU_0254,1,,,
ORD_0074,SKU_0117,1,,,
ORD_0074,SKU_0220,1,,,
ORD_0075,SKU_0016,1,,,
ORD_0075,SKU_0121,1,,,
ORD_0075,SKU_0026,1,,,
ORD_0075,SKU_0240,1,,,
ORD_0075,SKU_0127,1,,,
ORD_0076,SKU_0032,1,,,
ORD_0076,SKU_0195,1,,,
ORD_0076,SKU_0111,1,,,
ORD_0077,SKU_0113,1,,,
ORD_0077,SKU_0230,1,,,
ORD_0077,SKU_0208,1,,,
ORD_0078,SKU_0246,1,,,
ORD_0078,SKU_0274,1,,,
ORD_0078,SKU_0098,1,,,
ORD_0078,SKU_0309,1,,,
ORD_0078,SKU_0284,1,,,
ORD_0079,SKU_0215,1,,,
ORD_0079,SKU_0298,1,,,
ORD_0079,SKU_0161,1,,,
ORD_0079,SKU_0142,1,,,
ORD_0080,SKU_0299,1,,,
ORD_0080,SKU_0309,1,,,
ORD_0080,SKU_0276,1,,,
ORD_0081,SKU_0037,1,,,
ORD_0081,SKU_0033,1,,,
ORD_0081,SKU_0221,1,,,
ORD_0081,SKU_0224,1,,,
ORD_0081,SKU_0009,1,,,
ORD_0082,SKU_0116,1,,,
ORD_0082,SKU_0189,1,,,
ORD_0082,SKU_0129,1,,,
ORD_0082,SKU_0306,1,,,
ORD_0082,SKU_0258,1,,,
ORD_0083,SKU_0321,1,,,
ORD_0084,SKU_0223,1,,,
ORD_0085,SKU_0120,1,,,
ORD_0085,SKU_0253,1,,,
ORD_0085,SKU_0159,1,,,
ORD_0085,SKU_0176,1,,,
ORD_0086,SKU_0236,1,,,
ORD_0086,SKU_0316,1,,,
ORD_0086,SKU_0106,1,,,
ORD_0086,SKU_0120,1,,,
ORD_0087,SKU_0136,1,,,
ORD_0087,SKU_0028,1,,,
ORD_0087,SKU_0044,1,,,
ORD_0088,SKU_0046,1,,,
ORD_0089,SKU_0209,1,,,
ORD_0089,SKU_0056,1,,,
ORD_0089,SKU_0269,1,,,
ORD_0089,SKU_0053,1,,,
ORD_0089,SKU_0222,1,,,
ORD_0090,SKU_0126,1,,,
ORD_0090,SKU_0219,1,,,
ORD_0090,SKU_0317,1,,,
ORD_0090,SKU_0077,1,,,
ORD_0090,SKU_0307,1,,,
ORD_0091,SKU_0275,1,,,
ORD_0091,SKU_0156,1,,,
ORD_0091,SKU_0333,1,,,
ORD_0091,SKU_0013,1,,,
ORD_0091,SKU_0272,1,,,
ORD_0092,SKU_0022,1,,,
ORD_0093,SKU_0332,1,,,
ORD_0094,SKU_0021,1,,,
ORD_0094,SKU_0195,1,,,
ORD_0094,SKU_0180,1,,,
ORD_0094,SKU_0185,1,,,
ORD_0095,SKU_0164,1,,,
ORD_0095,SKU_0123,1,,,
ORD_0095,SKU_0136,1,,,
ORD_0095,SKU_0300,1,,,
ORD_0096,SKU_0122,1,,,
ORD_0096,SKU_0333,1,,,
ORD_0096,SKU_0112,1,,,
ORD_0096,SKU_0304,1,,,
ORD_0097,SKU_0065,1,,,
ORD_0097,SKU_0132,1,,,
ORD_0097,SKU_0081,1,,,
ORD_0097,SKU_0306,1,,,
ORD_0098,SKU_0273,1,,,
ORD_0098,SKU_0100,1,,,
ORD_0098,SKU_0243,1,,,
ORD_0099,SKU_0178,1,,,
ORD_0099,SKU_0307,1,,,
ORD_0099,SKU_0149,1,,,
ORD_0099,SKU_0219,1,,,
ORD_0100,SKU_0224,1,,,
ORD_0100,SKU_0290,1,,,
ORD_0100,SKU_0067,1,,,
ORD_0101,SKU_0041,1,,,
ORD_0102,SKU_0266,1,,,
ORD_0102,SKU_0025,1,,,
ORD_0103,SKU_0009,1,,,
ORD_0103,SKU_0080,1,,,
ORD_0103,SKU_0027,1,,,
ORD_0104,SKU_0325,1,,,
ORD_0104,SKU_0115,1,,,
ORD_0104,SKU_0038,1,,,
ORD_0105,SKU_0280,1,,,
ORD_0105,SKU_0253,1,,,
ORD_0105,SKU_0300,1,,,
ORD_0105,SKU_0253,1,,,
ORD_0105,SKU_0317,1,,,
ORD_0106,SKU_0197,1,,,
ORD_0106,SKU_0163,1,,,
ORD_0106,SKU_0283,1,,,
ORD_0107,SKU_0141,1,,,
ORD_0108,SKU_0001,1,,,
ORD_0109,SKU_0073,1,,,
ORD_0109,SKU_0098,1,,,
ORD_0109,SKU_0188,1,,,
ORD_0109,SKU_0119,1,,,
ORD_0110,SKU_0095,1,,,
ORD_0110,SKU_0142,1,,,
ORD_0110,SKU_0314,1,,,
ORD_0111,SKU_0336,1,,,
ORD_0111,SKU_0323,1,,,
ORD_0111,SKU_0189,1,,,
ORD_0112,SKU_0174,1,,,
ORD_0112,SKU_0138,1,,,
ORD_0112,SKU_0036,1,,,
ORD_0112,SKU_0076,1,,,
ORD_0113,SKU_0276,1,,,
ORD_0113,SKU_0276,1,,,
ORD_0114,SKU_0019,1,,,
ORD_0115,SKU_0302,1,,,
ORD_0115,SKU_0230,1,,,
ORD_0115,SKU_0250,1,,,
ORD_0115,SKU_0237,1,,,
ORD_0115,SKU_0083,1,,,
ORD_0116,SKU_0294,1,,,
ORD_0117,SKU_0207,1,,,
ORD_0118,SKU_0292,1,,,
ORD_0118,SKU_0136,1,,,
ORD_0118,SKU_0210,1,,,
ORD_0119,SKU_0225,1,,,
ORD_0119,SKU_0203,1,,,
ORD_0119,SKU_0045,1,,,
ORD_0119,SKU_0215,1,,,
ORD_0120,SKU_0115,1,,,
ORD_0120,SKU_0213,1,,,
ORD_0120,SKU_0136,1,,,
ORD_0120,SKU_0265,1,,,
ORD_0120,SKU_0130,1,,,
ORD_0121,SKU_0078,1,,,
ORD_0121,SKU_0029,1,,,
ORD_0121,SKU_0290,1,,,
ORD_0121,SKU_0166,1,,,
ORD_0122,SKU_0310,1,,,
ORD_0122,SKU_0293,1,,,
ORD_0122,SKU_0272,1,,,
ORD_0122,SKU_0187,1,,,
ORD_0122,SKU_0319,1,,,
ORD_0123,SKU_0324,1,,,
ORD_0123,SKU_0139,1,,,
ORD_0123,SKU_0006,1,,,
ORD_0123,SKU_0270,1,,,
ORD_0124,SKU_0270,1,,,
ORD_0124,SKU_0279,1,,,
ORD_0124,SKU_0018,1,,,
ORD_0124,SKU_0223,1,,,
ORD_0125,SKU_0194,1,,,
ORD_0125,SKU_0178,1,,,
ORD_0126,SKU_0320,1,,,
ORD_0126,SKU_0062,1,,,
ORD_0127,SKU_0323,1,,,
ORD_0127,SKU_0279,1,,,
ORD_0128,SKU_0045,1,,,
ORD_0128,SKU_0183,1,,,
ORD_0129,SKU_0015,1,,,
ORD_0130,SKU_0298,1,,,
ORD_0130,SKU_0065,1,,,
ORD_0130,SKU_0191,1,,,
ORD_0130,SKU_0130,1,,,
ORD_0130,SKU_0225,1,,,
ORD_0131,SKU_0003,1,,,
ORD_0131,SKU_0015,1,,,
ORD_0132,SKU_0133,1,,,
ORD_0132,SKU_0189,1,,,
ORD_0132,SKU_0191,1,,,
ORD_0132,SKU_0032,1,,,
ORD_0132,SKU_0200,1,,,
ORD_0133,SKU_0129,1,,,
ORD_0133,SKU_0020,1,,,
ORD_0134,SKU_0328,1,,,
ORD_0134,SKU_0016,1,,,
ORD_0134,SKU_0032,1,,,
ORD_0134,SKU_0197,1,,,
ORD_0135,SKU_0245,1,,,
ORD_0136,SKU_0222,1,,,
ORD_0136,SKU_0032,1,,,
ORD_0136,SKU_0276,1,,,
ORD_0137,SKU_0335,1,,,
ORD_0138,SKU_0287,1,,,
ORD_0139,SKU_0314,1,,,
ORD_0140,SKU_0214,1,,,
ORD_0140,SKU_0276,1,,,
ORD_0140,SKU_0110,1,,,
ORD_0141,SKU_0069,1,,,
ORD_0141,SKU_0010,1,,,
ORD_0141,SKU_0132,1,,,
ORD_0142,SKU_0081,1,,,
ORD_0142,SKU_0210,1,,,
ORD_0142,SKU_0251,1,,,
ORD_0143,SKU_0154,1,,,
ORD_0143,SKU_0288,1,,,
ORD_0143,SKU_0079,1,,,
ORD_0143,SKU_0324,1,,,
ORD_0144,SKU_0105,1,,,
ORD_0145,SKU_0326,1,,,
ORD_0145,SKU_0087,1,,,
ORD_0145,SKU_0011,1,,,
ORD_0146,SKU_0152,1,,,
ORD_0146,SKU_0024,1,,,
ORD_0147,SKU_0184,1,,,
ORD_0147,SKU_0119,1,,,
ORD_0147,SKU_0071,1,,,
ORD_0147,SKU_0195,1,,,
ORD_0147,SKU_0090,1,,,
ORD_0148,SKU_0026,1,,,
ORD_0149,SKU_0201,1,,,
ORD_0149,SKU_0081,1,,,
ORD_0149,SKU_0241,1,,,
ORD_0149,SKU_0071,1,,,
ORD_0149,SKU_0053,1,,,
ORD_0150,SKU_0282,1,,,
ORD_0150,SKU_0015,1,,,
ORD_0150,SKU_0275,1,,,
ORD_0150,SKU_0331,1,,,
ORD_0150,SKU_0280,1,,,
ORD_0151,SKU_0272,1,,,
ORD_0151,SKU_0318,1,,,
ORD_0151,SKU_0117,1,,,
ORD_0151,SKU_0028,1,,,
ORD_0151,SKU_0196,1,,,
ORD_0152,SKU_0239,1,,,
ORD_0152,SKU_0267,1,,,
ORD_0152,SKU_0104,1,,,
ORD_0152,SKU_0232,1,,,
ORD_0152,SKU_0117,1,,,
ORD_0153,SKU_0062,1,,,
ORD_0153,SKU_0161,1,,,
ORD_0153,SKU_0263,1,,,
ORD_0153,SKU_0166,1,,,
ORD_0154,SKU_0066,1,,,
ORD_0154,SKU_0253,1,,,
ORD_0154,SKU_0048,1,,,
ORD_0154,SKU_0058,1,,,
ORD_0155,SKU_0111,1,,,
ORD_0155,SKU_0057,1,,,
ORD_0156,SKU_0052,1,,,
ORD_0157,SKU_0103,1,,,
ORD_0157,SKU_0322,1,,,
ORD_0158,SKU_0104,1,,,
ORD_0158,SKU_0334,1,,,
ORD_0158,SKU_0222,1,,,
ORD_0158,SKU_0257,1,,,
ORD_0158,SKU_0195,1,,,
ORD_0159,SKU_0159,1,,,
ORD_0159,SKU_0228,1,,,
ORD_0159,SKU_0101,1,,,
ORD_0159,SKU_0231,1,,,
ORD_0160,SKU_0098,1,,,
ORD_0160,SKU_0061,1,,,
ORD_0160,SKU_0253,1,,,
ORD_0160,SKU_0100,1,,,
ORD_0161,SKU_0219,1,,,
ORD_0161,SKU_0216,1,,,
ORD_0161,SKU_0186,1,,,
ORD_0161,SKU_0019,1,,,
ORD_0162,SKU_0175,1,,,
ORD_0162,SKU_0108,1,,,
ORD_0162,SKU_0285,1,,,
ORD_0163,SKU_0160,1,,,
ORD_0163,SKU_0273,1,,,
ORD_0164,SKU_0238,1,,,
ORD_0164,SKU_0061,1,,,
ORD_0164,SKU_0121,1,,,
ORD_0164,SKU_0102,1,,,
ORD_0165,SKU_0064,1,,,
ORD_0166,SKU_0034,1,,,
ORD_0167,SKU_0293,1,,,
ORD_0167,SKU_0151,1,,,
ORD_0167,SKU_0007,1,,,
ORD_0167,SKU_0254,1,,,
ORD_0167,SKU_0139,1,,,
ORD_0168,SKU_0056,1,,,
ORD_0168,SKU_0077,1,,,
ORD_0168,SKU_0106,1,,,
ORD_0168,SKU_0161,1,,,
ORD_0169,SKU_0240,1,,,
ORD_0169,SKU_0293,1,,,
ORD_0169,SKU_0307,1,,,
ORD_0169,SKU_0133,1,,,
ORD_0170,SKU_0167,1,,,
ORD_0170,SKU_0258,1,,,
ORD_0170,SKU_0098,1,,,
ORD_0170,SKU_0299,1,,,
ORD_0170,SKU_0026,1,,,
ORD_0171,SKU_0107,1,,,
ORD_0171,SKU_0325,1,,,
ORD_0171,SKU_0117,1,,,
ORD_0171,SKU_0045,1,,,
ORD_0172,SKU_0044,1,,,
ORD_0172,SKU_0017,1,,,
ORD_0173,SKU_0114,1,,,
ORD_0173,SKU_0038,1,,,
ORD_0173,SKU_0014,1,,,
ORD_0174,SKU_0083,1,,,
ORD_0174,SKU_0068,1,,,
ORD_0174,SKU_0128,1,,,
ORD_0174,SKU_0234,1,,,
ORD_0175,SKU_0138,1,,,
ORD_0175,SKU_0226,1,,,
ORD_0175,SKU_0034,1,,,
ORD_0175,SKU_0173,1,,,
ORD_0175,SKU_0250,1,,,
ORD_0176,SKU_0027,1,,,
ORD_0176,SKU_0009,1,,,
ORD_0177,SKU_0043,1,,,
ORD_0177,SKU_0051,1,,,
ORD_0178,SKU_0312,1,,,
ORD_0178,SKU_0260,1,,,
ORD_0178,SKU_0178,1,,,
ORD_0179,SKU_0054,1,,,
ORD_0179,SKU_0144,1,,,
ORD_0179,SKU_0228,1,,,
ORD_0180,SKU_0148,1,,,
ORD_0181,SKU_0329,1,,,
ORD_0181,SKU_0315,1,,,
ORD_0181,SKU_0157,1,,,
ORD_0181,SKU_0223,1,,,
ORD_0182,SKU_0134,1,,,
ORD_0182,SKU_0008,1,,,
ORD_0183,SKU_0290,1,,,
ORD_0183,SKU_0240,1,,,
ORD_0183,SKU_0255,1,,,
ORD_0183,SKU_0205,1,,,
ORD_0184,SKU_0193,1,,,
ORD_0184,SKU_0028,1,,,
ORD_0184,SKU_0209,1,,,
ORD_0185,SKU_0087,1,,,
ORD_0185,SKU_0176,1,,,
ORD_0185,SKU_0311,1,,,
ORD_0185,SKU_0020,1,,,
ORD_0186,SKU_0077,1,,,
ORD_0186,SKU_0197,1,,,
ORD_0187,SKU_0020,1,,,
ORD_0187,SKU_0051,1,,,
ORD_0187,SKU_0053,1,,,
ORD_0187,SKU_0140,1,,,
ORD_0187,SKU_0236,1,,,
ORD_0188,SKU_0253,1,,,
ORD_0188,SKU_0119,1,,,
ORD_0189,SKU_0006,1,,,
ORD_0189,SKU_0292,1,,,
ORD_0189,SKU_0043,1,,,
ORD_0190,SKU_0230,1,,,
ORD_0190,SKU_0119,1,,,
ORD_0190,SKU_0175,1,,,
ORD_0190,SKU_0185,1,,,
ORD_0191,SKU_0283,1,,,
ORD_0192,SKU_0035,1,,,
ORD_0192,SKU_0210,1,,,
ORD_0192,SKU_0324,1,,,
ORD_0192,SKU_0257,1,,,
ORD_0192,SKU_0085,1,,,
ORD_0193,SKU_0128,1,,,
ORD_0194,SKU_0102,1,,,
ORD_0194,SKU_0044,1,,,
ORD_0195,SKU_0206,1,,,
ORD_0195,SKU_0156,1,,,
ORD_0195,SKU_0244,1,,,
ORD_0195,SKU_0083,1,,,
ORD_0195,SKU_0239,1,,,
ORD_0196,SKU_0311,1,,,
ORD_0196,SKU_0044,1,,,
ORD_0196,SKU_0073,1,,,
ORD_0196,SKU_0141,1,,,
ORD_0197,SKU_0279,1,,,
ORD_0198,SKU_0155,1,,,
ORD_0198,SKU_0053,1,,,
ORD_0198,SKU_0238,1,,,
ORD_0198,SKU_0312,1,,,
ORD_0199,SKU_0075,1,,,
ORD_0199,SKU_0050,1,,,
ORD_0199,SKU_0246,1,,,
ORD_0199,SKU_0069,1,,,
ORD_0199,SKU_0284,1,,,
ORD_0200,SKU_0070,1,,,
ORD_0200,SKU_0214,1,,,
ORD_0200,SKU_0201,1,,,
ORD_0200,SKU_0021,1,,,
ORD_0201,SKU_0220,1,,,
ORD_0201,SKU_0035,1,,,
ORD_0202,SKU_0216,1,,,
ORD_0202,SKU_0145,1,,,
ORD_0203,SKU_0089,1,,,
ORD_0203,SKU_0027,1,,,
ORD_0203,SKU_0048,1,,,
ORD_0203,SKU_0232,1,,,
ORD_0204,SKU_0202,1,,,
ORD_0204,SKU_0018,1,,,
ORD_0205,SKU_0059,1,,,
ORD_0205,SKU_0106,1,,,
ORD_0206,SKU_0051,1,,,
ORD_0206,SKU_0138,1,,,
ORD_0206,SKU_0195,1,,,
ORD_0207,SKU_0181,1,,,
ORD_0208,SKU_0189,1,,,
ORD_0208,SKU_0089,1,,,
ORD_0208,SKU_0277,1,,,
ORD_0208,SKU_0101,1,,,
ORD_0209,SKU_0318,1,,,
ORD_0209,SKU_0237,1,,,
ORD_0209,SKU_0113,1,,,
ORD_0209,SKU_0218,1,,,
ORD_0210,SKU_0308,1,,,
ORD_0210,SKU_0020,1,,,
ORD_0210,SKU_0246,1,,,
ORD_0211,SKU_0139,1,,,
ORD_0211,SKU_0185,1,,,
ORD_0212,SKU_0024,1,,,
ORD_0212,SKU_0172,1,,,
ORD_0212,SKU_0175,1,,,
ORD_0213,SKU_0255,1,,,
ORD_0214,SKU_0099,1,,,
ORD_0214,SKU_0007,1,,,
ORD_0214,SKU_0306,1,,,
ORD_0214,SKU_0279,1,,,
ORD_0214,SKU_0107,1,,,
ORD_0215,SKU_0061,1,,,
ORD_0215,SKU_0285,1,,,
ORD_0216,SKU_0304,1,,,
ORD_0216,SKU_0066,1,,,
ORD_0216,SKU_0199,1,,,
ORD_0216,SKU_0207,1,,,
ORD_0216,SKU_0016,1,,,
ORD_0217,SKU_0005,1,,,
ORD_0217,SKU_0189,1,,,
ORD_0217,SKU_0309,1,,,
ORD_0217,SKU_0061,1,,,
ORD_0217,SKU_0139,1,,,
ORD_0218,SKU_0199,1,,,
ORD_0219,SKU_0014,1,,,
ORD_0219,SKU_0315,1,,,
ORD_0219,SKU_0336,1,,,
ORD_0219,SKU_0189,1,,,
ORD_0220,SKU_0217,1,,,
ORD_0220,SKU_0227,1,,,
ORD_0220,SKU_0182,1,,,
ORD_0221,SKU_0322,1,,,
ORD_0221,SKU_0151,1,,,
ORD_0222,SKU_0040,1,,,
ORD_0222,SKU_0028,1,,,
ORD_0222,SKU_0246,1,,,
ORD_0223,SKU_0085,1,,,
ORD_0223,SKU_0182,1,,,
ORD_0223,SKU_0298,1,,,
ORD_0223,SKU_0291,1,,,
ORD_0224,SKU_0135,1,,,
ORD_0225,SKU_0162,1,,,
ORD_0225,SKU_0093,1,,,
ORD_0225,SKU_0279,1,,,
ORD_0226,SKU_0132,1,,,
ORD_0227,SKU_0248,1,,,
ORD_0227,SKU_0254,1,,,
ORD_0227,SKU_0201,1,,,
ORD_0227,SKU_0262,1,,,
ORD_0228,SKU_0108,1,,,
ORD_0228,SKU_0235,1,,,
ORD_0228,SKU_0101,1,,,
ORD_0228,SKU_0273,1,,,
ORD_0229,SKU_0258,1,,,
ORD_0229,SKU_0262,1,,,
ORD_0229,SKU_0017,1,,,
ORD_0230,SKU_0192,1,,,
ORD_0230,SKU_0045,1,,,
ORD_0231,SKU_0157,1,,,
ORD_0231,SKU_0184,1,,,
ORD_0231,SKU_0187,1,,,
ORD_0231,SKU_0300,1,,,
ORD_0232,SKU_0241,1,,,
ORD_0232,SKU_0151,1,,,
ORD_0232,SKU_0198,1,,,
ORD_0233,SKU_0013,1,,,
ORD_0233,SKU_0315,1,,,
ORD_0233,SKU_0209,1,,,
ORD_0233,SKU_0103,1,,,
ORD_0233,SKU_0031,1,,,
ORD_0234,SKU_0012,1,,,
ORD_0235,SKU_0313,1,,,
ORD_0235,SKU_0252,1,,,
ORD_0235,SKU_0288,1,,,
ORD_0236,SKU_0082,1,,,
ORD_0237,SKU_0208,1,,,
ORD_0237,SKU_0016,1,,,
ORD_0238,SKU_0004,1,,,
ORD_0238,SKU_0035,1,,,
ORD_0238,SKU_0146,1,,,
ORD_0238,SKU_0300,1,,,
ORD_0238,SKU_0058,1,,,
ORD_0239,SKU_0229,1,,,
ORD_0239,SKU_0043,1,,,
ORD_0239,SKU_0271,1,,,
ORD_0240,SKU_0204,1,,,
ORD_0240,SKU_0166,1,,,
ORD_0240,SKU_0091,1,,,
ORD_0241,SKU_0261,1,,,
ORD_0241,SKU_0127,1,,,
ORD_0241,SKU_0230,1,,,
ORD_0241,SKU_0126,1,,,
ORD_0241,SKU_0246,1,,,
ORD_0242,SKU_0300,1,,,
ORD_0243,SKU_0153,1,,,
ORD_0243,SKU_0091,1,,,
ORD_0244,SKU_0316,1,,,
ORD_0244,SKU_0109,1,,,
ORD_0244,SKU_0116,1,,,
ORD_0244,SKU_0325,1,,,
ORD_0244,SKU_0288,1,,,
ORD_0245,SKU_0149,1,,,
ORD_0245,SKU_0079,1,,,
ORD_0246,SKU_0161,1,,,
ORD_0246,SKU_0243,1,,,
ORD_0246,SKU_0015,1,,,
ORD_0246,SKU_0282,1,,,
ORD_0247,SKU_0125,1,,,
ORD_0247,SKU_0289,1,,,
ORD_0247,SKU_0020,1,,,
ORD_0247,SKU_0232,1,,,
ORD_0247,SKU_0075,1,,,
ORD_0248,SKU_0055,1,,,
ORD_0248,SKU_0147,1,,,
ORD_0248,SKU_0302,1,,,
ORD_0248,SKU_0135,1,,,
ORD_0249,SKU_0067,1,,,
ORD_0249,SKU_0029,1,,,
ORD_0249,SKU_0182,1,,,
ORD_0249,SKU_0210,1,,,
ORD_0250,SKU_0110,1,,,
ORD_0251,SKU_0002,1,,,
ORD_0252,SKU_0033,1,,,
ORD_0253,SKU_0250,1,,,
ORD_0253,SKU_0118,1,,,
ORD_0253,SKU_0265,1,,,
ORD_0253,SKU_0041,1,,,
ORD_0253,SKU_0094,1,,,
ORD_0254,SKU_0050,1,,,
ORD_0254,SKU_0176,1,,,
ORD_0254,SKU_0004,1,,,
ORD_0254,SKU_0085,1,,,
ORD_0255,SKU_0171,1,,,
ORD_0255,SKU_0100,1,,,
ORD_0255,SKU_0275,1,,,
ORD_0255,SKU_0141,1,,,
ORD_0255,SKU_0192,1,,,
ORD_0256,SKU_0109,1,,,
ORD_0256,SKU_0043,1,,,
ORD_0256,SKU_0090,1,,,
ORD_0256,SKU_0228,1,,,
ORD_0256,SKU_0218,1,,,
ORD_0257,SKU_0140,1,,,
ORD_0257,SKU_0057,1,,,
ORD_0257,SKU_0112,1,,,
ORD_0258,SKU_0117,1,,,
ORD_0258,SKU_0224,1,,,
ORD_0258,SKU_0330,1,,,
ORD_0258,SKU_0126,1,,,
ORD_0259,SKU_0188,1,,,
ORD_0259,SKU_0333,1,,,
ORD_0259,SKU_0118,1,,,
ORD_0260,SKU_0163,1,,,
ORD_0260,SKU_0178,1,,,
ORD_0260,SKU_0193,1,,,
ORD_0260,SKU_0238,1,,,
ORD_0260,SKU_0029,1,,,
ORD_0261,SKU_0265,1,,,
ORD_0262,SKU_0094,1,,,
ORD_0262,SKU_0134,1,,,
ORD_0262,SKU_0170,1,,,
ORD_0262,SKU_0025,1,,,
ORD_0263,SKU_0244,1,,,
ORD_0264,SKU_0186,1,,,
ORD_0264,SKU_0299,1,,,
ORD_0264,SKU_0143,1,,,
ORD_0264,SKU_0280,1,,,
ORD_0265,SKU_0145,1,,,
ORD_0265,SKU_0173,1,,,
ORD_0265,SKU_0132,1,,,
ORD_0265,SKU_0029,1,,,
ORD_0265,SKU_0311,1,,,
ORD_0266,SKU_0150,1,,,
ORD_0266,SKU_0243,1,,,
ORD_0266,SKU_0313,1,,,
ORD_0267,SKU_0124,1,,,
ORD_0267,SKU_0127,1,,,
ORD_0267,SKU_0131,1,,,
ORD_0268,SKU_0284,1,,,
ORD_0268,SKU_0282,1,,,
ORD_0269,SKU_0295,1,,,
ORD_0269,SKU_0158,1,,,
ORD_0269,SKU_0313,1,,,
ORD_0269,SKU_0160,1,,,
ORD_0270,SKU_0228,1,,,
ORD_0270,SKU_0325,1,,,
ORD_0271,SKU_0262,1,,,
ORD_0271,SKU_0105,1,,,
ORD_0271,SKU_0236,1,,,
ORD_0272,SKU_0289,1,,,
ORD_0272,SKU_0302,1,,,
ORD_0272,SKU_0085,1,,,
ORD_0272,SKU_0078,1,,,
ORD_0273,SKU_0297,1,,,
ORD_0273,SKU_0258,1,,,
ORD_0273,SKU_0066,1,,,
ORD_0273,SKU_0034,1,,,
ORD_0274,SKU_0049,1,,,
ORD_0274,SKU_0157,1,,,
ORD_0275,SKU_0177,1,,,
ORD_0276,SKU_0263,1,,,
ORD_0277,SKU_0060,1,,,
ORD_0278,SKU_0151,1,,,
ORD_0278,SKU_0107,1,,,
ORD_0278,SKU_0284,1,,,
ORD_0278,SKU_0113,1,,,
ORD_0279,SKU_0233,1,,,
ORD_0279,SKU_0172,1,,,
ORD_0280,SKU_0176,1,,,
ORD_0280,SKU_0331,1,,,
ORD_0280,SKU_0296,1,,,
ORD_0280,SKU_0133,1,,,
ORD_0281,SKU_0191,1,,,
ORD_0281,SKU_0175,1,,,
ORD_0281,SKU_0247,1,,,
ORD_0281,SKU_0326,1,,,
ORD_0281,SKU_0102,1,,,
ORD_0282,SKU_0278,1,,,
ORD_0282,SKU_0221,1,,,
ORD_0282,SKU_0234,1,,,
ORD_0282,SKU_0324,1,,,
ORD_0282,SKU_0131,1,,,
ORD_0283,SKU_0334,1,,,
ORD_0283,SKU_0258,1,,,
ORD_0283,SKU_0227,1,,,
ORD_0283,SKU_0336,1,,,
ORD_0284,SKU_0243,1,,,
ORD_0284,SKU_0121,1,,,
ORD_0284,SKU_0205,1,,,
ORD_0284,SKU_0199,1,,,
ORD_0284,SKU_0110,1,,,
ORD_0285,SKU_0119,1,,,
ORD_0285,SKU_0068,1,,,
ORD_0285,SKU_0294,1,,,
ORD_0285,SKU_0021,1,,,
ORD_0286,SKU_0269,1,,,
ORD_0287,SKU_0169,1,,,
ORD_0287,SKU_0173,1,,,
ORD_0287,SKU_0096,1,,,
ORD_0287,SKU_0227,1,,,
ORD_0288,SKU_0190,1,,,
ORD_0289,SKU_0123,1,,,
ORD_0289,SKU_0041,1,,,
ORD_0289,SKU_0253,1,,,
ORD_0289,SKU_0156,1,,,
ORD_0290,SKU_0237,1,,,
ORD_0290,SKU_0181,1,,,
ORD_0290,SKU_0098,1,,,
ORD_0290,SKU_0169,1,,,
ORD_0290,SKU_0074,1,,,
ORD_0291,SKU_0260,1,,,
ORD_0291,SKU_0180,1,,,
ORD_0292,SKU_0072,1,,,
ORD_0292,SKU_0143,1,,,
ORD_0292,SKU_0192,1,,,
ORD_0292,SKU_0174,1,,,
ORD_0292,SKU_0010,1,,,
ORD_0293,SKU_0096,1,,,
ORD_0293,SKU_0139,1,,,
ORD_0293,SKU_0131,1,,,
ORD_0293,SKU_0184,1,,,
ORD_0294,SKU_0296,1,,,
ORD_0295,SKU_0028,1,,,
ORD_0296,SKU_0071,1,,,
ORD_0296,SKU_0332,1,,,
ORD_0297,SKU_0331,1,,,
ORD_0298,SKU_0093,1,,,
ORD_0298,SKU_0218,1,,,
ORD_0298,SKU_0100,1,,,
ORD_0298,SKU_0305,1,,,
ORD_0299,SKU_0198,1,,,
ORD_0300,SKU_0086,1,,,
ORD_0301,SKU_0210,1,,,
ORD_0301,SKU_0027,1,,,
ORD_0302,SKU_0158,1,,,
ORD_0302,SKU_0080,1,,,
ORD_0302,SKU_0021,1,,,
ORD_0303,SKU_0007,1,,,
ORD_0303,SKU_0039,1,,,
ORD_0304,SKU_0079,1,,,
ORD_0305,SKU_0166,1,,,
ORD_0305,SKU_0219,1,,,
ORD_0306,SKU_0036,1,,,
ORD_0306,SKU_0296,1,,,
ORD_0306,SKU_0150,1,,,
ORD_0306,SKU_0042,1,,,
ORD_0307,SKU_0185,1,,,
ORD_0307,SKU_0318,1,,,
ORD_0307,SKU_0279,1,,,
ORD_0308,SKU_0286,1,,,
ORD_0308,SKU_0227,1,,,
ORD_0309,SKU_0247,1,,,
ORD_0309,SKU_0257,1,,,
ORD_0309,SKU_0106,1,,,
ORD_0310,SKU_0168,1,,,
ORD_0310,SKU_0259,1,,,
ORD_0311,SKU_0090,1,,,
ORD_0311,SKU_0184,1,,,
ORD_0311,SKU_0002,1,,,
ORD_0311,SKU_0084,1,,,
ORD_0312,SKU_0042,1,,,
ORD_0313,SKU_0146,1,,,
ORD_0313,SKU_0075,1,,,
ORD_0313,SKU_0178,1,,,
ORD_0313,SKU_0209,1,,,
ORD_0314,SKU_0257,1,,,
ORD_0314,SKU_0202,1,,,
ORD_0315,SKU_0254,1,,,
ORD_0315,SKU_0320,1,,,
ORD_0316,SKU_0327,1,,,
ORD_0316,SKU_0192,1,,,
ORD_0316,SKU_0149,1,,,
ORD_0316,SKU_0014,1,,,
ORD_0316,SKU_0164,1,,,
ORD_0317,SKU_0097,1,,,
ORD_0317,SKU_0011,1,,,
ORD_0318,SKU_0147,1,,,
ORD_0318,SKU_0106,1,,,
ORD_0318,SKU_0013,1,,,
ORD_0318,SKU_0318,1,,,
ORD_0318,SKU_0170,1,,,
ORD_0319,SKU_0196,1,,,
ORD_0319,SKU_0330,1,,,
ORD_0320,SKU_0053,1,,,
ORD_0320,SKU_0142,1,,,
ORD_0320,SKU_0035,1,,,
ORD_0320,SKU_0085,1,,,
ORD_0320,SKU_0003,1,,,
ORD_0321,SKU_0080,1,,,
ORD_0322,SKU_0319,1,,,
ORD_0323,SKU_0088,1,,,
ORD_0323,SKU_0067,1,,,
ORD_0323,SKU_0092,1,,,
ORD_0323,SKU_0295,1,,,
ORD_0323,SKU_0032,1,,,
ORD_0324,SKU_0047,1,,,
ORD_0325,SKU_0333,1,,,
ORD_0326,SKU_0305,1,,,
ORD_0326,SKU_0129,1,,,
ORD_0327,SKU_0330,1,,,
ORD_0327,SKU_0069,1,,,
ORD_0327,SKU_0310,1,,,
ORD_0327,SKU_0153,1,,,
ORD_0328,SKU_0221,1,,,
ORD_0329,SKU_0264,1,,,
ORD_0329,SKU_0052,1,,,
ORD_0329,SKU_0331,1,,,
ORD_0329,SKU_0017,1,,,
ORD_0330,SKU_0242,1,,,
ORD_0330,SKU_0070,1,,,
ORD_0330,SKU_0002,1,,,
ORD_0331,SKU_0018,1,,,
ORD_0331,SKU_0152,1,,,
ORD_0331,SKU_0139,1,,,
ORD_0331,SKU_0304,1,,,
ORD_0331,SKU_0055,1,,,
ORD_0332,SKU_0118,1,,,
ORD_0332,SKU_0251,1,,,
ORD_0333,SKU_0182,1,,,
ORD_0334,SKU_0074,1,,,
ORD_0334,SKU_0112,1,,,
ORD_0334,SKU_0184,1,,,
ORD_0334,SKU_0126,1,,,
ORD_0334,SKU_0262,1,,,
ORD_0335,SKU_0205,1,,,
ORD_0335,SKU_0155,1,,,
ORD_0335,SKU_0216,1,,,
ORD_0336,SKU_0227,1,,,
ORD_0336,SKU_0195,1,,,
ORD_0337,SKU_0295,1,,,
ORD_0338,SKU_0237,1,,,
ORD_0338,SKU_0059,1,,,
ORD_0338,SKU_0075,1,,,
ORD_0339,SKU_0208,1,,,
ORD_0339,SKU_0183,1,,,
ORD_0340,SKU_0049,1,,,
ORD_0340,SKU_0130,1,,,
ORD_0340,SKU_0150,1,,,
ORD_0341,SKU_0007,1,,,
ORD_0341,SKU_0071,1,,,
ORD_0341,SKU_0246,1,,,
ORD_0341,SKU_0040,1,,,
ORD_0341,SKU_0325,1,,,
ORD_0342,SKU_0125,1,,,
ORD_0343,SKU_0189,1,,,
ORD_0343,SKU_0145,1,,,
ORD_0343,SKU_0297,1,,,
ORD_0344,SKU_0106,1,,,
ORD_0344,SKU_0166,1,,,
ORD_0344,SKU_0328,1,,,
ORD_0344,SKU_0180,1,,,
ORD_0344,SKU_0239,1,,,
ORD_0345,SKU_0042,1,,,
ORD_0346,SKU_0255,1,,,
ORD_0346,SKU_0077,1,,,
ORD_0346,SKU_0139,1,,,
ORD_0346,SKU_0107,1,,,
ORD_0346,SKU_0183,1,,,
ORD_0347,SKU_0116,1,,,
ORD_0347,SKU_0141,1,,,
ORD_0348,SKU_0015,1,,,
ORD_0348,SKU_0226,1,,,
ORD_0348,SKU_0099,1,,,
ORD_0349,SKU_0199,1,,,
ORD_0349,SKU_0162,1,,,
ORD_0350,SKU_0115,1,,,
ORD_0350,SKU_0029,1,,,
ORD_0351,SKU_0021,1,,,
ORD_0351,SKU_0079,1,,,
ORD_0351,SKU_0121,1,,,
ORD_0351,SKU_0230,1,,,
ORD_0352,SKU_0255,1,,,
ORD_0352,SKU_0067,1,,,
ORD_0352,SKU_0044,1,,,
ORD_0352,SKU_0095,1,,,
ORD_0352,SKU_0109,1,,,
ORD_0353,SKU_0036,1,,,
ORD_0354,SKU_0120,1,,,
ORD_0354,SKU_0030,1,,,
ORD_0354,SKU_0179,1,,,
ORD_0355,SKU_0066,1,,,
ORD_0355,SKU_0128,1,,,
ORD_0355,SKU_0023,1,,,
ORD_0355,SKU_0088,1,,,
ORD_0355,SKU_0242,1,,,
ORD_0356,SKU_0222,1,,,
ORD_0356,SKU_0067,1,,,
ORD_0357,SKU_0156,1,,,
ORD_0358,SKU_0020,1,,,
ORD_0358,SKU_0062,1,,,
ORD_0358,SKU_0139,1,,,
ORD_0359,SKU_0334,1,,,
ORD_0359,SKU_0174,1,,,
ORD_0359,SKU_0186,1,,,
ORD_0359,SKU_0299,1,,,
ORD_0360,SKU_0080,1,,,
ORD_0360,SKU_0207,1,,,
ORD_0360,SKU_0011,1,,,
ORD_0360,SKU_0152,1,,,
ORD_0361,SKU_0331,1,,,
ORD_0362,SKU_0143,1,,,
ORD_0362,SKU_0199,1,,,
ORD_0362,SKU_0312,1,,,
ORD_0363,SKU_0037,1,,,
ORD_0364,SKU_0282,1,,,
ORD_0364,SKU_0090,1,,,
ORD_0364,SKU_0115,1,,,
ORD_0364,SKU_0137,1,,,
ORD_0364,SKU_0201,1,,,
ORD_0365,SKU_0261,1,,,
ORD_0366,SKU_0293,1,,,
ORD_0367,SKU_0310,1,,,
ORD_0368,SKU_0223,1,,,
ORD_0369,SKU_0066,1,,,
ORD_0369,SKU_0180,1,,,
ORD_0370,SKU_0277,1,,,
ORD_0371,SKU_0310,1,,,
ORD_0371,SKU_0008,1,,,
ORD_0371,SKU_0335,1,,,
ORD_0372,SKU_0197,1,,,
ORD_0372,SKU_0060,1,,,
ORD_0373,SKU_0032,1,,,
ORD_0374,SKU_0264,1,,,
ORD_0374,SKU_0238,1,,,
ORD_0375,SKU_0317,1,,,
ORD_0375,SKU_0123,1,,,
ORD_0375,SKU_0303,1,,,
ORD_0375,SKU_0239,1,,,
ORD_0376,SKU_0288,1,,,
ORD_0376,SKU_0100,1,,,
ORD_0376,SKU_0062,1,,,
ORD_0376,SKU_0255,1,,,
ORD_0376,SKU_0229,1,,,
ORD_0377,SKU_0220,1,,,
ORD_0377,SKU_0292,1,,,
ORD_0378,SKU_0143,1,,,
ORD_0379,SKU_0127,1,,,
ORD_0379,SKU_0202,1,,,
ORD_0380,SKU_0204,1,,,
ORD_0380,SKU_0141,1,,,
ORD_0381,SKU_0117,1,,,
ORD_0381,SKU_0131,1,,,
ORD_0382,SKU_0190,1,,,
ORD_0382,SKU_0319,1,,,
ORD_0382,SKU_0156,1,,,
ORD_0382,SKU_0027,1,,,
ORD_0383,SKU_0188,1,,,
ORD_0384,SKU_0215,1,,,
ORD_0384,SKU_0116,1,,,
ORD_0384,SKU_0266,1,,,
ORD_0384,SKU_0196,1,,,
ORD_0385,SKU_0163,1,,,
ORD_0385,SKU_0103,1,,,
ORD_0385,SKU_0195,1,,,
ORD_0386,SKU_0254,1,,,
ORD_0386,SKU_0189,1,,,
ORD_0386,SKU_0215,1,,,
ORD_0386,SKU_0269,1,,,
ORD_0386,SKU_0316,1,,,
ORD_0387,SKU_0135,1,,,
ORD_0387,SKU_0067,1,,,
ORD_0388,SKU_0323,1,,,
ORD_0388,SKU_0321,1,,,
ORD_0388,SKU_0170,1,,,
ORD_0388,SKU_0264,1,,,
ORD_0389,SKU_0007,1,,,
ORD_0389,SKU_0206,1,,,
ORD_0389,SKU_0305,1,,,
ORD_0389,SKU_0187,1,,,
ORD_0389,SKU_0256,1,,,
ORD_0390,SKU_0283,1,,,
ORD_0391,SKU_0116,1,,,
ORD_0391,SKU_0313,1,,,
ORD_0391,SKU_0184,1,,,
ORD_0392,SKU_0148,1,,,
ORD_0392,SKU_0040,1,,,
ORD_0392,SKU_0030,1,,,
ORD_0392,SKU_0051,1,,,
ORD_0393,SKU_0247,1,,,
ORD_0393,SKU_0277,1,,,
ORD_0393,SKU_0129,1,,,
ORD_0393,SKU_0066,1,,,
ORD_0393,SKU_0318,1,,,
ORD_0394,SKU_0135,1,,,
ORD_0394,SKU_0326,1,,,
ORD_0394,SKU_0129,1,,,
ORD_0395,SKU_0288,1,,,
ORD_0395,SKU_0242,1,,,
ORD_0396,SKU_0264,1,,,
ORD_0396,SKU_0162,1,,,
ORD_0397,SKU_0247,1,,,
ORD_0397,SKU_0191,1,,,
ORD_0398,SKU_0256,1,,,
ORD_0398,SKU_0104,1,,,
ORD_0398,SKU_0110,1,,,
ORD_0399,SKU_0308,1,,,
ORD_0399,SKU_0229,1,,,
ORD_0399,SKU_0036,1,,,
ORD_0399,SKU_0303,1,,,
ORD_0399,SKU_0181,1,,,
ORD_0400,SKU_0194,1,,,
ORD_0400,SKU_0236,1,,,
ORD_0400,SKU_0256,1,,,
ORD_0400,SKU_0021,1,,,
ORD_0401,SKU_0024,1,,,
ORD_0402,SKU_0301,1,,,
ORD_0402,SKU_0225,1,,,
ORD_0402,SKU_0040,1,,,
ORD_0402,SKU_0081,1,,,
ORD_0402,SKU_0004,1,,,
ORD_0403,SKU_0044,1,,,
ORD_0403,SKU_0085,1,,,
ORD_0403,SKU_0099,1,,,
ORD_0403,SKU_0208,1,,,
ORD_0403,SKU_0266,1,,,
ORD_0404,SKU_0161,1,,,
ORD_0404,SKU_0265,1,,,
ORD_0404,SKU_0314,1,,,
ORD_0404,SKU_0314,1,,,
ORD_0405,SKU_0033,1,,,
ORD_0406,SKU_0054,1,,,
ORD_0406,SKU_0041,1,,,
ORD_0406,SKU_0216,1,,,
ORD_0407,SKU_0138,1,,,
ORD_0407,SKU_0045,1,,,
ORD_0407,SKU_0019,1,,,
ORD_0407,SKU_0268,1,,,
ORD_0407,SKU_0317,1,,,
ORD_0408,SKU_0121,1,,,
ORD_0408,SKU_0043,1,,,
ORD_0409,SKU_0118,1,,,
ORD_0409,SKU_0012,1,,,
ORD_0409,SKU_0129,1,,,
ORD_0409,SKU_0280,1,,,
ORD_0409,SKU_0049,1,,,
ORD_0410,SKU_0061,1,,,
ORD_0410,SKU_0183,1,,,
ORD_0410,SKU_0309,1,,,
ORD_0411,SKU_0066,1,,,
ORD_0411,SKU_0299,1,,,
ORD_0411,SKU_0079,1,,,
ORD_0412,SKU_0054,1,,,
ORD_0412,SKU_0120,1,,,
ORD_0412,SKU_0285,1,,,
ORD_0412,SKU_0253,1,,,
ORD_0412,SKU_0216,1,,,
ORD_0413,SKU_0061,1,,,
ORD_0413,SKU_0113,1,,,
ORD_0414,SKU_0174,1,,,
ORD_0414,SKU_0151,1,,,
ORD_0415,SKU_0307,1,,,
ORD_0416,SKU_0113,1,,,
ORD_0416,SKU_0030,1,,,
ORD_0416,SKU_0268,1,,,
ORD_0417,SKU_0127,1,,,
ORD_0417,SKU_0313,1,,,
ORD_0417,SKU_0258,1,,,
ORD_0417,SKU_0002,1,,,
ORD_0417,SKU_0094,1,,,
ORD_0418,SKU_0202,1,,,
ORD_0418,SKU_0334,1,,,
ORD_0419,SKU_0227,1,,,
ORD_0419,SKU_0251,1,,,
ORD_0419,SKU_0280,1,,,
ORD_0420,SKU_0279,1,,,
ORD_0420,SKU_0084,1,,,
ORD_0420,SKU_0025,1,,,
ORD_0421,SKU_0058,1,,,
ORD_0422,SKU_0319,1,,,
ORD_0422,SKU_0130,1,,,
ORD_0423,SKU_0096,1,,,
ORD_0423,SKU_0112,1,,,
ORD_0424,SKU_0015,1,,,
ORD_0424,SKU_0297,1,,,
ORD_0424,SKU_0037,1,,,
ORD_0424,SKU_0230,1,,,
ORD_0424,SKU_0263,1,,,
ORD_0425,SKU_0176,1,,,
ORD_0425,SKU_0006,1,,,
ORD_0425,SKU_0114,1,,,
ORD_0425,SKU_0060,1,,,
ORD_0426,SKU_0180,1,,,
ORD_0426,SKU_0136,1,,,
ORD_0426,SKU_0172,1,,,
ORD_0426,SKU_0001,1,,,
ORD_0426,SKU_0260,1,,,
ORD_0427,SKU_0140,1,,,
ORD_0427,SKU_0154,1,,,
ORD_0427,SKU_0049,1,,,
ORD_0427,SKU_0168,1,,,
ORD_0428,SKU_0299,1,,,
ORD_0428,SKU_0298,1,,,
ORD_0428,SKU_0049,1,,,
ORD_0428,SKU_0006,1,,,
ORD_0428,SKU_0007,1,,,
ORD_0429,SKU_0191,1,,,
ORD_0430,SKU_0117,1,,,
ORD_0430,SKU_0053,1,,,
ORD_0430,SKU_0255,1,,,
ORD_0430,SKU_0247,1,,,
ORD_0431,SKU_0014,1,,,
ORD_0431,SKU_0155,1,,,
ORD_0432,SKU_0122,1,,,
ORD_0433,SKU_0165,1,,,
ORD_0434,SKU_0255,1,,,
ORD_0435,SKU_0025,1,,,
ORD_0436,SKU_0025,1,,,
ORD_0436,SKU_0040,1,,,
ORD_0436,SKU_0143,1,,,
ORD_0436,SKU_0256,1,,,
ORD_0436,SKU_0119,1,,,
ORD_0437,SKU_0109,1,,,
ORD_0438,SKU_0253,1,,,
ORD_0438,SKU_0307,1,,,
ORD_0439,SKU_0153,1,,,
ORD_0439,SKU_0291,1,,,
ORD_0439,SKU_0331,1,,,
ORD_0439,SKU_0053,1,,,
ORD_0439,SKU_0050,1,,,
ORD_0440,SKU_0176,1,,,
ORD_0441,SKU_0310,1,,,
ORD_0441,SKU_0252,1,,,
ORD_0441,SKU_0101,1,,,
ORD_0441,SKU_0137,1,,,
ORD_0442,SKU_0101,1,,,
ORD_0442,SKU_0274,1,,,
ORD_0442,SKU_0061,1,,,
ORD_0442,SKU_0310,1,,,
ORD_0442,SKU_0296,1,,,
ORD_0443,SKU_0132,1,,,
ORD_0443,SKU_0114,1,,,
ORD_0443,SKU_0181,1,,,
ORD_0443,SKU_0138,1,,,
ORD_0444,SKU_0113,1,,,
ORD_0444,SKU_0218,1,,,
ORD_0444,SKU_0272,1,,,
ORD_0444,SKU_0088,1,,,
ORD_0444,SKU_0307,1,,,
ORD_0445,SKU_0292,1,,,
ORD_0446,SKU_0180,1,,,
ORD_0446,SKU_0044,1,,,
ORD_0446,SKU_0214,1,,,
ORD_0446,SKU_0316,1,,,
ORD_0447,SKU_0068,1,,,
ORD_0447,SKU_0289,1,,,
ORD_0448,SKU_0071,1,,,
ORD_0448,SKU_0165,1,,,
ORD_0449,SKU_0103,1,,,
ORD_0450,SKU_0170,1,,,
ORD_0450,SKU_0265,1,,,
ORD_0450,SKU_0118,1,,,
ORD_0451,SKU_0049,1,,,
ORD_0451,SKU_0267,1,,,
ORD_0451,SKU_0307,1,,,
ORD_0451,SKU_0286,1,,,
ORD_0452,SKU_0307,1,,,
ORD_0452,SKU_0206,1,,,
ORD_0453,SKU_0094,1,,,
ORD_0454,SKU_0015,1,,,
ORD_0454,SKU_0280,1,,,
ORD_0454,SKU_0213,1,,,
ORD_0454,SKU_0120,1,,,
ORD_0454,SKU_0076,1,,,
ORD_0455,SKU_0043,1,,,
ORD_0455,SKU_0158,1,,,
ORD_0456,SKU_0111,1,,,
ORD_0456,SKU_0050,1,,,
ORD_0456,SKU_0226,1,,,
ORD_0456,SKU_0156,1,,,
ORD_0456,SKU_0110,1,,,
ORD_0457,SKU_0114,1,,,
ORD_0457,SKU_0218,1,,,
ORD_0457,SKU_0087,1,,,
ORD_0457,SKU_0071,1,,,
ORD_0458,SKU_0069,1,,,
ORD_0458,SKU_0068,1,,,
ORD_0458,SKU_0199,1,,,
ORD_0459,SKU_0208,1,,,
ORD_0459,SKU_0230,1,,,
ORD_0460,SKU_0200,1,,,
ORD_0461,SKU_0098,1,,,
ORD_0461,SKU_0074,1,,,
ORD_0461,SKU_0286,1,,,
ORD_0461,SKU_0313,1,,,
ORD_0461,SKU_0017,1,,,
ORD_0462,SKU_0228,1,,,
ORD_0462,SKU_0114,1,,,
ORD_0462,SKU_0145,1,,,
ORD_0463,SKU_0217,1,,,
ORD_0463,SKU_0126,1,,,
ORD_0463,SKU_0306,1,,,
ORD_0463,SKU_0255,1,,,
ORD_0464,SKU_0271,1,,,
ORD_0464,SKU_0117,1,,,
ORD_0464,SKU_0072,1,,,
ORD_0464,SKU_0204,1,,,
ORD_0464,SKU_0051,1,,,
ORD_0465,SKU_0117,1,,,
ORD_0465,SKU_0310,1,,,
ORD_0465,SKU_0067,1,,,
ORD_0465,SKU_0129,1,,,
ORD_0465,SKU_0305,1,,,
ORD_0466,SKU_0248,1,,,
ORD_0466,SKU_0154,1,,,
ORD_0466,SKU_0104,1,,,
ORD_0467,SKU_0254,1,,,
ORD_0467,SKU_0271,1,,,
ORD_0467,SKU_0008,1,,,
ORD_0468,SKU_0071,1,,,
ORD_0468,SKU_0172,1,,,
ORD_0468,SKU_0147,1,,,
ORD_0469,SKU_0280,1,,,
ORD_0469,SKU_0098,1,,,
ORD_0469,SKU_0268,1,,,
ORD_0470,SKU_0009,1,,,
ORD_0470,SKU_0095,1,,,
ORD_0470,SKU_0125,1,,,
ORD_0470,SKU_0117,1,,,
ORD_0471,SKU_0023,1,,,
ORD_0471,SKU_0158,1,,,
ORD_0471,SKU_0089,1,,,
ORD_0471,SKU_0190,1,,,
ORD_0471,SKU_0006,1,,,
ORD_0472,SKU_0098,1,,,
ORD_0473,SKU_0145,1,,,
ORD_0473,SKU_0229,1,,,
ORD_0473,SKU_0266,1,,,
ORD_0473,SKU_0047,1,,,
ORD_0473,SKU_0019,1,,,
ORD_0474,SKU_0260,1,,,
ORD_0474,SKU_0329,1,,,
ORD_0475,SKU_0177,1,,,
ORD_0475,SKU_0145,1,,,
ORD_0476,SKU_0292,1,,,
ORD_0476,SKU_0303,1,,,
ORD_0476,SKU_0183,1,,,
ORD_0476,SKU_0297,1,,,
ORD_0476,SKU_0220,1,,,
ORD_0477,SKU_0225,1,,,
ORD_0477,SKU_0172,1,,,
ORD_0477,SKU_0334,1,,,
ORD_0477,SKU_0299,1,,,
ORD_0478,SKU_0156,1,,,
ORD_0478,SKU_0264,1,,,
ORD_0478,SKU_0326,1,,,
ORD_0479,SKU_0031,1,,,
ORD_0479,SKU_0099,1,,,
ORD_0479,SKU_0176,1,,,
ORD_0479,SKU_0329,1,,,
ORD_0479,SKU_0274,1,,,
ORD_0480,SKU_0275,1,,,
